epoch,step,test_acc,test_f1,test_loss,test_precision,test_recall,train_acc,train_f1,train_loss,train_precision,train_recall,val_acc,val_f1,val_loss,val_precision,val_recall
0,0,,,,,,0.09375,0.03854166716337204,3.2113218307495117,0.02837301790714264,0.0625,,,,,
0,1,,,,,,0.03125,0.0117647061124444,3.2353222370147705,0.0117647061124444,0.0117647061124444,,,,,
0,2,,,,,,0.0625,0.02506265789270401,3.2355830669403076,0.017206478863954544,0.07894736528396606,,,,,
0,3,,,,,,0.0,0.0,3.2528018951416016,0.0,0.0,,,,,
0,4,,,,,,0.03125,0.011695906519889832,3.242255449295044,0.008771929889917374,0.017543859779834747,,,,,
0,5,,,,,,0.09375,0.0234375,3.2265961170196533,0.01875000074505806,0.03125,,,,,
0,6,,,,,,0.15625,0.06596119701862335,3.244055986404419,0.04056437313556671,0.1944444477558136,,,,,
0,7,,,,,,0.15625,0.046164773404598236,3.2149710655212402,0.030048076063394547,0.1041666716337204,,,,,
0,8,,,,,,0.03125,0.006349206902086735,3.2118191719055176,0.003663003910332918,0.02380952425301075,,,,,
0,9,,,,,,0.125,0.03446918725967407,3.2216389179229736,0.023057645186781883,0.07894736528396606,,,,,
0,10,,,,,,0.125,0.03166666626930237,3.2443888187408447,0.02132353000342846,0.07500000298023224,,,,,
0,11,,,,,,0.0625,0.029411764815449715,3.2108263969421387,0.018382353708148003,0.07352941483259201,,,,,
0,12,,,,,,0.125,0.0434027761220932,3.1928164958953857,0.0297619067132473,0.1041666716337204,,,,,
0,13,,,,,,0.09375,0.0357142873108387,3.2350547313690186,0.023333333432674408,0.125,,,,,
0,14,,,,,,0.0625,0.02521008439362049,3.2216134071350098,0.017801858484745026,0.05882352963089943,,,,,
0,15,,,,,,0.03125,0.011111111380159855,3.2246880531311035,0.007936508394777775,0.018518518656492233,,,,,
0,16,,,,,,0.0625,0.02240896411240101,3.235290050506592,0.01274509821087122,0.11764705926179886,,,,,
0,17,,,,,,0.1875,0.05855615437030792,3.176511287689209,0.040149394422769547,0.1617647111415863,,,,,
0,18,,,,,,0.125,0.03975069522857666,3.2199480533599854,0.025480367243289948,0.14035087823867798,,,,,
0,19,,,,,,0.15625,0.042016807943582535,3.1668784618377686,0.03267974033951759,0.05882352963089943,,,,,
0,20,,,,,,0.125,0.044053368270397186,3.1952033042907715,0.07962962985038757,0.06203703582286835,,,,,
0,21,,,,,,0.03125,0.011111111380159855,3.186506986618042,0.012500000186264515,0.009999999776482582,,,,,
0,22,,,,,,0.15625,0.04553898051381111,3.161567449569702,0.029411764815449715,0.10784314572811127,,,,,
0,23,,,,,,0.21875,0.08003663271665573,3.1621739864349365,0.07057823240756989,0.2023809552192688,,,,,
0,24,,,,,,0.21875,0.04415954649448395,3.1854915618896484,0.029629629105329514,0.0972222238779068,,,,,
0,25,,,,,,0.125,0.039234451949596405,3.190462827682495,0.02850877121090889,0.06578947603702545,,,,,
0,26,,,,,,0.125,0.03481781482696533,3.1784791946411133,0.0223684199154377,0.07894736528396606,,,,,
0,27,,,,,,0.15625,0.0492081455886364,3.222140073776245,0.02997199073433876,0.1764705926179886,,,,,
0,28,,,,,,0.09375,0.025462962687015533,3.176135301589966,0.01507936604321003,0.0833333358168602,,,,,
0,29,,,,,,0.125,0.0313725508749485,3.163525104522705,0.018099548295140266,0.11764705926179886,,,,,
0,30,,,,,,0.09375,0.02307908795773983,3.1890079975128174,0.012802768498659134,0.11764705926179886,,,,,
0,31,,,,,,0.25,0.06758764386177063,3.1491408348083496,0.04276895895600319,0.1666666716337204,,,,,
0,32,,,,,,0.28125,0.08799777179956436,3.1360199451446533,0.09045583754777908,0.1388888955116272,,,,,
0,33,,,,,,0.25,0.054956138134002686,3.0938093662261963,0.03755681961774826,0.11666667461395264,,,,,
0,34,,,,,,0.1875,0.05023068189620972,3.164652109146118,0.03242835775017738,0.11764705926179886,,,,,
0,35,,,,,,0.21875,0.06109738349914551,3.124051570892334,0.03907563164830208,0.14705882966518402,,,,,
0,36,,,,,,0.1875,0.08283475786447525,3.1621763706207275,0.08214008808135986,0.1944444477558136,,,,,
0,37,,,,,,0.25,0.04411764815449715,3.1248419284820557,0.02916460856795311,0.10924369841814041,,,,,
0,38,,,,,,0.125,0.0555555559694767,3.176856517791748,0.06399521231651306,0.1315789520740509,,,,,
0,39,,,,,,0.1875,0.12238562852144241,3.1380815505981445,0.14572829008102417,0.21568627655506134,,,,,
0,40,,,,,,0.0625,0.027113238349556923,3.1575217247009277,0.015789475291967392,0.10526315867900848,,,,,
0,41,,,,,,0.125,0.021164022386074066,3.102597236633301,0.013071895577013493,0.0555555559694767,,,,,
0,42,,,,,,0.15625,0.04546434432268143,3.0973939895629883,0.026916220784187317,0.14705882966518402,,,,,
0,43,,,,,,0.1875,0.09048467874526978,3.123143196105957,0.08905228972434998,0.20588235557079315,,,,,
0,44,,,,,,0.125,0.06666667014360428,3.1066269874572754,0.09687499701976776,0.1197916716337204,,,,,
0,45,,,,,,0.1875,0.05276292562484741,3.056553840637207,0.03431372717022896,0.14705882966518402,,,,,
0,46,,,,,,0.15625,0.13447293639183044,3.087613582611084,0.12428775429725647,0.2222222238779068,,,,,
0,47,,,,,,0.40625,0.17447732388973236,2.960458993911743,0.16184012591838837,0.26923078298568726,,,,,
0,48,,,,,,0.1875,0.09663300216197968,3.0773985385894775,0.11988304555416107,0.12037037312984467,,,,,
0,49,,,,,,0.15625,0.044285714626312256,3.060255289077759,0.02638889104127884,0.15000000596046448,,,,,
0,50,,,,,,0.09375,0.05526316165924072,3.1018624305725098,0.06277777999639511,0.125,,,,,
0,51,,,,,,0.3333333432674408,0.1666666716337204,2.962299346923828,0.1111111119389534,0.3333333432674408,,,,,
0,51,,,,,,,,,,,0.20098039507865906,0.07436106353998184,3.021517515182495,0.06982585042715073,0.1391943246126175
1,52,,,,,,0.15625,0.034142330288887024,3.0070457458496094,0.021052632480859756,0.09803921729326248,,,,,
1,53,,,,,,0.125,0.029100529849529266,3.094925880432129,0.018674137070775032,0.095238097012043,,,,,
1,54,,,,,,0.09375,0.021212121471762657,3.0638315677642822,0.011728394776582718,0.1111111119389534,,,,,
1,55,,,,,,0.125,0.024812834337353706,3.0045011043548584,0.014557339251041412,0.0882352963089943,,,,,
1,56,,,,,,0.21875,0.03759398311376572,2.965308427810669,0.02312599867582321,0.10526315867900848,,,,,
1,57,,,,,,0.25,0.0822954848408699,2.9622836112976074,0.05407407134771347,0.20000001788139343,,,,,
1,58,,,,,,0.28125,0.10364146530628204,2.9507968425750732,0.11764706671237946,0.18627451360225677,,,,,
1,59,,,,,,0.21875,0.1303258240222931,2.9631028175354004,0.12171053141355515,0.15789473056793213,,,,,
1,60,,,,,,0.28125,0.07500000298023224,2.882866859436035,0.0522058829665184,0.14374999701976776,,,,,
1,61,,,,,,0.1875,0.12013694643974304,2.889218807220459,0.12728938460350037,0.1944444477558136,,,,,
1,62,,,,,,0.21875,0.06834734231233597,2.853900671005249,0.04747474938631058,0.1428571492433548,,,,,
1,63,,,,,,0.1875,0.06987033039331436,2.914335012435913,0.04736841842532158,0.15789473056793213,,,,,
1,64,,,,,,0.125,0.0843915343284607,2.998993396759033,0.13148148357868195,0.14351852238178253,,,,,
1,65,,,,,,0.1875,0.04779411852359772,2.896372079849243,0.06971677392721176,0.0784313753247261,,,,,
1,66,,,,,,0.09375,0.027602339163422585,2.921196222305298,0.019736841320991516,0.08771929889917374,,,,,
1,67,,,,,,0.34375,0.152958482503891,2.7641172409057617,0.12865497171878815,0.21929824352264404,,,,,
1,68,,,,,,0.28125,0.16729380190372467,2.766876459121704,0.17573529481887817,0.25,,,,,
1,69,,,,,,0.3125,0.21250000596046448,2.747798442840576,0.2667410671710968,0.25312501192092896,,,,,
1,70,,,,,,0.125,0.06220095604658127,2.799196243286133,0.057894736528396606,0.10526315867900848,,,,,
1,71,,,,,,0.21875,0.13652777671813965,2.775360584259033,0.15435606241226196,0.1875,,,,,
1,72,,,,,,0.21875,0.11263158172369003,2.8790183067321777,0.13875597715377808,0.14473684132099152,,,,,
1,73,,,,,,0.28125,0.15864527225494385,2.677273750305176,0.20130720734596252,0.21568627655506134,,,,,
1,74,,,,,,0.25,0.18268398940563202,2.769204616546631,0.21176470816135406,0.23529411852359772,,,,,
1,75,,,,,,0.15625,0.05083443224430084,2.8315231800079346,0.06277056783437729,0.10606060922145844,,,,,
1,76,,,,,,0.3125,0.22577030956745148,2.654358148574829,0.25653594732284546,0.28823530673980713,,,,,
1,77,,,,,,0.25,0.1415329873561859,2.7063159942626953,0.14654283225536346,0.18627451360225677,,,,,
1,78,,,,,,0.28125,0.15490196645259857,2.644606351852417,0.13559070229530334,0.2549019753932953,,,,,
1,79,,,,,,0.3125,0.23815791308879852,2.654059886932373,0.30422794818878174,0.28125,,,,,
1,80,,,,,,0.3125,0.20952381193637848,2.6420958042144775,0.22839507460594177,0.25925925374031067,,,,,
1,81,,,,,,0.3125,0.24087482690811157,2.597506523132324,0.26332181692123413,0.29411765933036804,,,,,
1,82,,,,,,0.1875,0.12577031552791595,2.693892478942871,0.12956656515598297,0.22549019753932953,,,,,
1,83,,,,,,0.375,0.2865667939186096,2.486250162124634,0.29179567098617554,0.3235294222831726,,,,,
1,84,,,,,,0.1875,0.11282052099704742,2.6920902729034424,0.10446859896183014,0.18518519401550293,,,,,
1,85,,,,,,0.34375,0.22474747896194458,2.37389874458313,0.1875,0.3333333432674408,,,,,
1,86,,,,,,0.25,0.13425925374031067,2.5632071495056152,0.15350878238677979,0.15740740299224854,,,,,
1,87,,,,,,0.1875,0.19063180685043335,2.7010815143585205,0.2375565618276596,0.22549019753932953,,,,,
1,88,,,,,,0.28125,0.15925925970077515,2.432802200317383,0.16388890147209167,0.23148149251937866,,,,,
1,89,,,,,,0.1875,0.1092391312122345,2.3866357803344727,0.09649123251438141,0.15625,,,,,
1,90,,,,,,0.28125,0.20961718261241913,2.3624563217163086,0.22549019753932953,0.2862745225429535,,,,,
1,91,,,,,,0.34375,0.26631397008895874,2.5143001079559326,0.27546295523643494,0.3055555522441864,,,,,
1,92,,,,,,0.4375,0.26294904947280884,2.4172332286834717,0.28646615147590637,0.30263155698776245,,,,,
1,93,,,,,,0.53125,0.33364197611808777,2.272357940673828,0.30377495288848877,0.4027777910232544,,,,,
1,94,,,,,,0.375,0.2798941731452942,2.2439939975738525,0.31388890743255615,0.3194444477558136,,,,,
1,95,,,,,,0.34375,0.31458911299705505,2.4986462593078613,0.3526831865310669,0.390350878238678,,,,,
1,96,,,,,,0.34375,0.35025060176849365,2.5103399753570557,0.37719300389289856,0.347368448972702,,,,,
1,97,,,,,,0.34375,0.22156862914562225,2.196160078048706,0.23039215803146362,0.27450981736183167,,,,,
1,98,,,,,,0.4375,0.38234129548072815,2.3030622005462646,0.4481481909751892,0.42592594027519226,,,,,
1,99,,,,,,0.46875,0.38359788060188293,2.3929080963134766,0.4444444477558136,0.3611111044883728,,,,,
1,100,,,,,,0.375,0.2676986753940582,2.4007315635681152,0.24812030792236328,0.3552631735801697,,,,,
1,101,,,,,,0.34375,0.2579118013381958,2.374668836593628,0.2666666805744171,0.3274509906768799,,,,,
1,102,,,,,,0.28125,0.20601852238178253,2.533510446548462,0.2013888955116272,0.2152777761220932,,,,,
1,103,,,,,,0.0,0.0,2.4019672870635986,0.0,0.0,,,,,
1,103,,,,,,,,,,,0.6470588445663452,0.5612602233886719,2.143603801727295,0.5822014212608337,0.5996978282928467
2,104,,,,,,0.625,0.43421050906181335,2.01998233795166,0.4537786841392517,0.44298243522644043,,,,,
2,105,,,,,,0.46875,0.3754960298538208,2.066880464553833,0.4011217951774597,0.421875,,,,,
2,106,,,,,,0.5625,0.4533146619796753,2.234855890274048,0.4625850319862366,0.4761904776096344,,,,,
2,107,,,,,,0.625,0.46678125858306885,2.1607789993286133,0.5009803771972656,0.5196078419685364,,,,,
2,108,,,,,,0.625,0.5291005373001099,2.21628737449646,0.5189394354820251,0.5833333730697632,,,,,
2,109,,,,,,0.3125,0.2528822124004364,2.3367538452148438,0.35087722539901733,0.24122807383537292,,,,,
2,110,,,,,,0.53125,0.43242424726486206,2.2763614654541016,0.4466666877269745,0.4833333492279053,,,,,
2,111,,,,,,0.5,0.38285714387893677,2.1781256198883057,0.40416669845581055,0.4583333730697632,,,,,
2,112,,,,,,0.53125,0.4354762136936188,2.2568376064300537,0.49204549193382263,0.47833335399627686,,,,,
2,113,,,,,,0.53125,0.36666667461395264,2.040001630783081,0.3541666865348816,0.4416666626930237,,,,,
2,114,,,,,,0.6875,0.5457070469856262,1.9037444591522217,0.608035683631897,0.5416666865348816,,,,,
2,115,,,,,,0.53125,0.26250943541526794,1.9487577676773071,0.26428571343421936,0.2936508059501648,,,,,
2,116,,,,,,0.6875,0.5529761910438538,2.024080991744995,0.546875,0.6197916865348816,,,,,
2,117,,,,,,0.53125,0.3769841194152832,2.1114208698272705,0.40317460894584656,0.4246031939983368,,,,,
2,118,,,,,,0.40625,0.2536833882331848,2.105586528778076,0.27222225069999695,0.32870370149612427,,,,,
2,119,,,,,,0.65625,0.5148148536682129,1.8339964151382446,0.4842592477798462,0.5925925970077515,,,,,
2,120,,,,,,0.78125,0.6896825432777405,1.5538581609725952,0.747619092464447,0.7142857313156128,,,,,
2,121,,,,,,0.46875,0.3824675679206848,2.15238618850708,0.39444446563720703,0.45000001788139343,,,,,
2,122,,,,,,0.6875,0.46075838804244995,1.7921713590621948,0.46666666865348816,0.5074074268341064,,,,,
2,123,,,,,,0.6875,0.6355889439582825,1.766492247581482,0.6122807264328003,0.7105262875556946,,,,,
2,124,,,,,,0.625,0.4185941219329834,1.9330425262451172,0.4365079700946808,0.4246031641960144,,,,,
2,125,,,,,,0.625,0.5069491863250732,1.7576113939285278,0.5160401463508606,0.5526316165924072,,,,,
2,126,,,,,,0.875,0.7266483902931213,1.5302741527557373,0.7109375,0.75,,,,,
2,127,,,,,,0.65625,0.5353174805641174,1.819342851638794,0.5092857480049133,0.612500011920929,,,,,
2,128,,,,,,0.53125,0.4472222328186035,1.875633716583252,0.4912698566913605,0.5574074387550354,,,,,
2,129,,,,,,0.53125,0.3995671272277832,1.7490270137786865,0.386999249458313,0.4603174924850464,,,,,
2,130,,,,,,0.59375,0.41519609093666077,1.6934207677841187,0.416900098323822,0.4803921580314636,,,,,
2,131,,,,,,0.8125,0.6195906400680542,1.6478626728057861,0.6000000238418579,0.6666666865348816,,,,,
2,132,,,,,,0.71875,0.6288889050483704,1.5201267004013062,0.6666667461395264,0.6222222447395325,,,,,
2,133,,,,,,0.78125,0.6777310967445374,1.320246696472168,0.686274528503418,0.7205882668495178,,,,,
2,134,,,,,,0.6875,0.49949878454208374,1.659469723701477,0.5263158082962036,0.5131579041481018,,,,,
2,135,,,,,,0.71875,0.5086274743080139,1.4514318704605103,0.5272727012634277,0.5333333611488342,,,,,
2,136,,,,,,0.78125,0.6105263829231262,1.4610011577606201,0.5964912176132202,0.6578947901725769,,,,,
2,137,,,,,,0.78125,0.6352381110191345,1.583960771560669,0.6083333492279053,0.6875000596046448,,,,,
2,138,,,,,,0.6875,0.46946778893470764,1.3135390281677246,0.4516806900501251,0.5147058963775635,,,,,
2,139,,,,,,0.625,0.4813397228717804,1.7133007049560547,0.46710526943206787,0.5438596606254578,,,,,
2,140,,,,,,0.6875,0.5414462089538574,1.6840170621871948,0.5481481552124023,0.595370352268219,,,,,
2,141,,,,,,0.84375,0.6380952000617981,1.2866230010986328,0.638157844543457,0.6578947305679321,,,,,
2,142,,,,,,0.625,0.4364197552204132,1.7335125207901,0.4055555462837219,0.5305555462837219,,,,,
2,143,,,,,,0.84375,0.746279776096344,1.3552863597869873,0.7406250238418579,0.78125,,,,,
2,144,,,,,,0.625,0.4911375641822815,1.6513419151306152,0.5287036895751953,0.5601851940155029,,,,,
2,145,,,,,,0.875,0.6745098233222961,1.1171674728393555,0.656862735748291,0.7058823704719543,,,,,
2,146,,,,,,0.625,0.49712124466896057,1.4874831438064575,0.5041666626930237,0.5750000476837158,,,,,
2,147,,,,,,0.78125,0.6164020895957947,1.3394262790679932,0.6101852059364319,0.6851851940155029,,,,,
2,148,,,,,,0.8125,0.7437499761581421,1.2767246961593628,0.7604166269302368,0.7708333730697632,,,,,
2,149,,,,,,0.8125,0.6708683371543884,1.177907943725586,0.6705882549285889,0.7058823704719543,,,,,
2,150,,,,,,0.78125,0.6517544388771057,1.3375835418701172,0.6456140279769897,0.6929824948310852,,,,,
2,151,,,,,,0.84375,0.7250000834465027,1.1734306812286377,0.7395833134651184,0.7395833134651184,,,,,
2,152,,,,,,0.6875,0.5170425772666931,1.325294017791748,0.4868421256542206,0.6052631735801697,,,,,
2,153,,,,,,0.625,0.4655952453613281,1.3746888637542725,0.47083336114883423,0.5249999761581421,,,,,
2,154,,,,,,0.71875,0.5872023701667786,1.4434704780578613,0.5874999761581421,0.640625,,,,,
2,155,,,,,,1.0,1.0,1.105096459388733,1.0,1.0,,,,,
2,155,,,,,,,,,,,0.8284313678741455,0.7227786779403687,1.1084001064300537,0.7009919881820679,0.7745860815048218
3,156,,,,,,0.875,0.7156863212585449,0.9814293384552002,0.6890756487846375,0.7647058963775635,,,,,
3,157,,,,,,0.71875,0.6033333539962769,1.435057282447815,0.5916666388511658,0.6333333849906921,,,,,
3,158,,,,,,0.71875,0.5696741938591003,1.2134966850280762,0.6140351295471191,0.5877193212509155,,,,,
3,159,,,,,,0.625,0.4656641483306885,1.396493673324585,0.4385964870452881,0.5894737243652344,,,,,
3,160,,,,,,0.8125,0.6735450029373169,1.196898341178894,0.6620370745658875,0.703703761100769,,,,,
3,161,,,,,,0.71875,0.597744345664978,1.302111268043518,0.609649121761322,0.6684210300445557,,,,,
3,162,,,,,,0.78125,0.7170426249504089,1.083680510520935,0.706140398979187,0.7807018160820007,,,,,
3,163,,,,,,0.6875,0.5051947832107544,1.286466360092163,0.5037878751754761,0.5492424368858337,,,,,
3,164,,,,,,0.84375,0.6190476417541504,0.894026517868042,0.59375,0.671875,,,,,
3,165,,,,,,0.71875,0.58295738697052,1.2746479511260986,0.565789520740509,0.6578947901725769,,,,,
3,166,,,,,,0.625,0.5185065269470215,1.4828691482543945,0.49512985348701477,0.5909091234207153,,,,,
3,167,,,,,,0.84375,0.5954208970069885,1.0258113145828247,0.5866667032241821,0.6333333253860474,,,,,
3,168,,,,,,0.8125,0.6073833703994751,1.0914921760559082,0.6157407760620117,0.6296296715736389,,,,,
3,169,,,,,,0.8125,0.637535035610199,0.8602315187454224,0.6215686202049255,0.686274528503418,,,,,
3,170,,,,,,0.875,0.713165283203125,0.9307527542114258,0.7132352590560913,0.7352941036224365,,,,,
3,171,,,,,,0.78125,0.6740740537643433,1.0237603187561035,0.6620370745658875,0.7000000476837158,,,,,
3,172,,,,,,0.875,0.7382352948188782,0.9955576062202454,0.7215686440467834,0.7647058963775635,,,,,
3,173,,,,,,0.8125,0.7058956623077393,1.1332416534423828,0.6785714030265808,0.761904776096344,,,,,
3,174,,,,,,0.84375,0.6814815402030945,0.8055251836776733,0.6851851940155029,0.694444477558136,,,,,
3,175,,,,,,0.96875,0.9145299196243286,0.6187593340873718,0.9076923131942749,0.9230769872665405,,,,,
3,176,,,,,,0.71875,0.5679894685745239,1.2053394317626953,0.5601851940155029,0.6111111640930176,,,,,
3,177,,,,,,0.78125,0.6253968477249146,1.125148057937622,0.60317462682724,0.6904761791229248,,,,,
3,178,,,,,,0.6875,0.6497354507446289,0.9310576319694519,0.6690475940704346,0.7190476059913635,,,,,
3,179,,,,,,0.90625,0.8152047395706177,0.7096652984619141,0.796491265296936,0.8421053290367126,,,,,
3,180,,,,,,0.75,0.5144110321998596,1.2114006280899048,0.5228070020675659,0.5394737124443054,,,,,
3,181,,,,,,0.8125,0.6970018148422241,0.9661535620689392,0.6805555820465088,0.7481482028961182,,,,,
3,182,,,,,,0.78125,0.6079966425895691,1.055995225906372,0.57962965965271,0.6555556058883667,,,,,
3,183,,,,,,0.78125,0.5746966004371643,0.8536908626556396,0.5372549295425415,0.6470588445663452,,,,,
3,184,,,,,,0.875,0.7193650603294373,0.6910826563835144,0.694444477558136,0.7777777910232544,,,,,
3,185,,,,,,0.875,0.7456140518188477,1.1289217472076416,0.7631579041481018,0.7543860077857971,,,,,
3,186,,,,,,0.875,0.775438666343689,0.8788555264472961,0.7763158082962036,0.815789520740509,,,,,
3,187,,,,,,0.78125,0.6375541687011719,0.9593645930290222,0.6079931855201721,0.6964285969734192,,,,,
3,188,,,,,,0.8125,0.7192983031272888,0.9815111756324768,0.7105263471603394,0.7631579637527466,,,,,
3,189,,,,,,0.8125,0.6123642325401306,1.1261003017425537,0.5815789699554443,0.6736841797828674,,,,,
3,190,,,,,,0.90625,0.8869048357009888,0.7247510552406311,0.90625,0.921875,,,,,
3,191,,,,,,0.875,0.7785714268684387,0.8019640445709229,0.7708333730697632,0.828125,,,,,
3,192,,,,,,0.875,0.7233333587646484,0.8459727168083191,0.7250000238418579,0.73333340883255,,,,,
3,193,,,,,,0.8125,0.7105820178985596,0.891165018081665,0.6990740895271301,0.75,,,,,
3,194,,,,,,0.84375,0.7003968358039856,0.7610793113708496,0.6861111521720886,0.7222222685813904,,,,,
3,195,,,,,,0.96875,0.925000011920929,0.502224326133728,0.9166666865348816,0.9375,,,,,
3,196,,,,,,0.9375,0.8414442539215088,0.6458128094673157,0.829081654548645,0.8571428656578064,,,,,
3,197,,,,,,0.875,0.732275128364563,0.8537710309028625,0.7222222089767456,0.7592592239379883,,,,,
3,198,,,,,,1.0,1.0,0.5525256395339966,1.0,1.0,,,,,
3,199,,,,,,0.78125,0.6008334159851074,0.8720239996910095,0.5883333683013916,0.6333333849906921,,,,,
3,200,,,,,,0.8125,0.6889724731445312,0.7951940298080444,0.6710526347160339,0.7543860077857971,,,,,
3,201,,,,,,0.84375,0.6882716417312622,0.8304139971733093,0.7018519043922424,0.7222222685813904,,,,,
3,202,,,,,,0.78125,0.6162131428718567,0.9619901180267334,0.5880952477455139,0.6666666865348816,,,,,
3,203,,,,,,0.875,0.7222222685813904,0.7213512063026428,0.7063491940498352,0.761904776096344,,,,,
3,204,,,,,,0.65625,0.5294444561004639,1.1445159912109375,0.4983333647251129,0.6166667342185974,,,,,
3,205,,,,,,0.84375,0.7769423723220825,0.7688924074172974,0.7710526585578918,0.8157894611358643,,,,,
3,206,,,,,,0.90625,0.8022328615188599,0.627999484539032,0.8070175647735596,0.8157894611358643,,,,,
3,207,,,,,,1.0,1.0,0.35967960953712463,1.0,1.0,,,,,
3,207,,,,,,,,,,,0.9117646813392639,0.8367096185684204,0.574790894985199,0.8292028307914734,0.8619323372840881
4,208,,,,,,0.8125,0.697857141494751,0.7449918389320374,0.6791666746139526,0.75,,,,,
4,209,,,,,,0.90625,0.8660714030265808,0.5603626370429993,0.875,0.890625,,,,,
4,210,,,,,,0.75,0.6037037372589111,0.9399547576904297,0.6333333849906921,0.6422222256660461,,,,,
4,211,,,,,,0.875,0.7066667079925537,0.7191706895828247,0.6833333969116211,0.7500000596046448,,,,,
4,212,,,,,,0.90625,0.8660317659378052,0.6398832201957703,0.8555555939674377,0.894444465637207,,,,,
4,213,,,,,,0.875,0.7895833253860474,0.713015615940094,0.7916666865348816,0.8125,,,,,
4,214,,,,,,0.84375,0.7574074268341064,0.6948480010032654,0.7500000596046448,0.8055555820465088,,,,,
4,215,,,,,,0.875,0.7702381014823914,0.6010642051696777,0.796875,0.7916666865348816,,,,,
4,216,,,,,,0.9375,0.8627451062202454,0.6220901608467102,0.8529412150382996,0.8823529481887817,,,,,
4,217,,,,,,0.96875,0.8947368860244751,0.5355586409568787,0.8947368860244751,0.8947368860244751,,,,,
4,218,,,,,,0.9375,0.8698413372039795,0.5911331176757812,0.8564814925193787,0.8888888955116272,,,,,
4,219,,,,,,0.90625,0.812554121017456,0.4662335515022278,0.8214285373687744,0.8214285969734192,,,,,
4,220,,,,,,0.78125,0.6661064624786377,0.8262715339660645,0.7058823704719543,0.6715686321258545,,,,,
4,221,,,,,,0.875,0.712121307849884,0.8312211036682129,0.6916667819023132,0.7500000596046448,,,,,
4,222,,,,,,0.90625,0.8491227626800537,0.7638702988624573,0.8245614171028137,0.8947367668151855,,,,,
4,223,,,,,,0.78125,0.578911542892456,0.8962312340736389,0.5515873432159424,0.6507936716079712,,,,,
4,224,,,,,,0.875,0.7641456723213196,0.7563434839248657,0.7598039507865906,0.7941176891326904,,,,,
4,225,,,,,,0.875,0.7633333802223206,0.612409234046936,0.7416666746139526,0.8000000715255737,,,,,
4,226,,,,,,0.71875,0.5120238661766052,1.0575337409973145,0.5133333206176758,0.5375000238418579,,,,,
4,227,,,,,,0.9375,0.8151260614395142,0.4902079403400421,0.8088235259056091,0.8235294222831726,,,,,
4,228,,,,,,0.8125,0.7444444298744202,0.7270848751068115,0.730158805847168,0.7936508059501648,,,,,
4,229,,,,,,0.75,0.5555555820465088,0.8578587770462036,0.5277777910232544,0.6190476417541504,,,,,
4,230,,,,,,0.9375,0.8148148655891418,0.47857218980789185,0.8055555820465088,0.8333333730697632,,,,,
4,231,,,,,,0.875,0.7850341200828552,0.6403383016586304,0.7797620296478271,0.8214285969734192,,,,,
4,232,,,,,,0.78125,0.647857129573822,0.8672659397125244,0.6541666388511658,0.675000011920929,,,,,
4,233,,,,,,0.90625,0.8138889074325562,0.4781494736671448,0.800000011920929,0.8541666865348816,,,,,
4,234,,,,,,0.9375,0.9111111760139465,0.5292063355445862,0.9000000953674316,0.9333333969116211,,,,,
4,235,,,,,,0.90625,0.8817927241325378,0.6260301470756531,0.8774509429931641,0.9117646813392639,,,,,
4,236,,,,,,0.84375,0.6493827104568481,0.5547043085098267,0.6092592477798462,0.7222222685813904,,,,,
4,237,,,,,,0.90625,0.8317460417747498,0.5269732475280762,0.817460298538208,0.8571428656578064,,,,,
4,238,,,,,,0.8125,0.7796970009803772,0.6991596221923828,0.7749999761581421,0.8066666722297668,,,,,
4,239,,,,,,0.875,0.7719888091087341,0.5618228912353516,0.7401960492134094,0.8235294222831726,,,,,
4,240,,,,,,0.84375,0.7511905431747437,0.7415097951889038,0.7541667222976685,0.7750000953674316,,,,,
4,241,,,,,,0.90625,0.8285714387893677,0.508891224861145,0.8177083730697632,0.8541666865348816,,,,,
4,242,,,,,,0.875,0.7628571391105652,0.5421569347381592,0.7541666626930237,0.783333420753479,,,,,
4,243,,,,,,0.84375,0.7490196228027344,0.49045243859291077,0.7843137383460999,0.7745097875595093,,,,,
4,244,,,,,,0.875,0.8034722805023193,0.5751620531082153,0.800000011920929,0.84375,,,,,
4,245,,,,,,0.84375,0.7189154624938965,0.5666965246200562,0.713888943195343,0.7500000596046448,,,,,
4,246,,,,,,0.875,0.7583333253860474,0.6266281008720398,0.7416666746139526,0.8000000715255737,,,,,
4,247,,,,,,0.78125,0.6583333611488342,0.7207072973251343,0.6333333849906921,0.7083333134651184,,,,,
4,248,,,,,,0.90625,0.8775132298469543,0.4430306851863861,0.893333375453949,0.8833333849906921,,,,,
4,249,,,,,,0.875,0.8411765098571777,0.5854411125183105,0.843137264251709,0.8823529481887817,,,,,
4,250,,,,,,0.9375,0.8117647171020508,0.4781649112701416,0.8039215803146362,0.8235294222831726,,,,,
4,251,,,,,,0.9375,0.875,0.3891586363315582,0.8666666746139526,0.8999999761581421,,,,,
4,252,,,,,,0.90625,0.7647058963775635,0.41488635540008545,0.7647058963775635,0.7941176295280457,,,,,
4,253,,,,,,0.90625,0.7481482028961182,0.4344930052757263,0.7314815521240234,0.7777778506278992,,,,,
4,254,,,,,,0.9375,0.8684210777282715,0.38878053426742554,0.8596491813659668,0.8947368860244751,,,,,
4,255,,,,,,0.84375,0.6561904549598694,0.618981659412384,0.6666667461395264,0.6625000238418579,,,,,
4,256,,,,,,0.90625,0.850793719291687,0.5385401844978333,0.8425926566123962,0.8703703880310059,,,,,
4,257,,,,,,0.9375,0.8777778148651123,0.3551720082759857,0.888888955116272,0.8999999761581421,,,,,
4,258,,,,,,0.9375,0.9007936716079712,0.37687021493911743,0.921875,0.893750011920929,,,,,
4,259,,,,,,0.3333333432674408,0.20000000298023224,0.915527880191803,0.20000000298023224,0.20000000298023224,,,,,
4,259,,,,,,,,,,,0.9411764740943909,0.8706250786781311,0.33282241225242615,0.8629182577133179,0.8879782557487488
5,260,,,,,,0.90625,0.7994987964630127,0.59501051902771,0.8026316165924072,0.815789520740509,,,,,
5,261,,,,,,0.90625,0.8764706254005432,0.40304139256477356,0.8725490570068359,0.8823529481887817,,,,,
5,262,,,,,,0.9375,0.859649121761322,0.3899300694465637,0.8421052694320679,0.8947368860244751,,,,,
5,263,,,,,,0.96875,0.9298245310783386,0.4618191719055176,0.9210526347160339,0.9473683834075928,,,,,
5,264,,,,,,0.875,0.770370364189148,0.5354684591293335,0.75,0.8148148059844971,,,,,
5,265,,,,,,0.90625,0.7883598208427429,0.48180869221687317,0.800000011920929,0.785714328289032,,,,,
5,266,,,,,,0.90625,0.7684211134910583,0.39990273118019104,0.7719298601150513,0.7719298601150513,,,,,
5,267,,,,,,0.875,0.767507016658783,0.43357232213020325,0.7598038911819458,0.7892156839370728,,,,,
5,268,,,,,,0.90625,0.7719298005104065,0.49002984166145325,0.763157844543457,0.7894736528396606,,,,,
5,269,,,,,,0.96875,0.925000011920929,0.3069427013397217,0.9166666865348816,0.9375,,,,,
5,270,,,,,,0.84375,0.6484848260879517,0.7694264054298401,0.6287879347801208,0.6818181276321411,,,,,
5,271,,,,,,0.875,0.7012531161308289,0.49617689847946167,0.6798245310783386,0.7368420958518982,,,,,
5,272,,,,,,0.9375,0.888888955116272,0.4028204083442688,0.888888955116272,0.9166667461395264,,,,,
5,273,,,,,,0.875,0.7259259819984436,0.5106866955757141,0.694444477558136,0.7777777910232544,,,,,
5,274,,,,,,0.9375,0.8333333730697632,0.33675849437713623,0.8250000476837158,0.8500000238418579,,,,,
5,275,,,,,,0.84375,0.7480520009994507,0.6159561276435852,0.7310606241226196,0.7727273106575012,,,,,
5,276,,,,,,0.875,0.6800000071525574,0.5240343809127808,0.6666666865348816,0.7000000476837158,,,,,
5,277,,,,,,1.0,1.0,0.2435445338487625,1.0,1.0,,,,,
5,278,,,,,,0.875,0.6180555820465088,0.5194802284240723,0.612500011920929,0.625,,,,,
5,279,,,,,,0.9375,0.8962963223457336,0.47993648052215576,0.8981481790542603,0.9166666865348816,,,,,
5,280,,,,,,0.90625,0.824561357498169,0.41881027817726135,0.8421053290367126,0.8421052098274231,,,,,
5,281,,,,,,0.9375,0.918055534362793,0.3388531506061554,0.9041666984558105,0.9375,,,,,
5,282,,,,,,0.9375,0.8245614767074585,0.4587652087211609,0.8421053290367126,0.8157895803451538,,,,,
5,283,,,,,,0.96875,0.9398496150970459,0.42355892062187195,0.9342105388641357,0.9473684430122375,,,,,
5,284,,,,,,0.9375,0.7894736528396606,0.3503252863883972,0.7894736528396606,0.7894736528396606,,,,,
5,285,,,,,,0.90625,0.753086507320404,0.3727400600910187,0.7666667103767395,0.7500000596046448,,,,,
5,286,,,,,,0.96875,0.9583333730697632,0.45354723930358887,0.96875,0.96875,,,,,
5,287,,,,,,0.96875,0.9792592525482178,0.26220056414604187,0.9866666793823242,0.9777777791023254,,,,,
5,288,,,,,,0.84375,0.699887752532959,0.5482299327850342,0.7111111283302307,0.7222222089767456,,,,,
5,289,,,,,,0.9375,0.8882539868354797,0.3239728510379791,0.9000000357627869,0.894444465637207,,,,,
5,290,,,,,,0.9375,0.8623737692832947,0.37546202540397644,0.8520833253860474,0.875,,,,,
5,291,,,,,,1.0,1.0,0.32336434721946716,1.0,1.0,,,,,
5,292,,,,,,0.90625,0.8666666746139526,0.48045986890792847,0.8611111640930176,0.9074074029922485,,,,,
5,293,,,,,,0.8125,0.6761904358863831,0.5741963386535645,0.6535087823867798,0.7236842513084412,,,,,
5,294,,,,,,0.96875,0.925000011920929,0.24738232791423798,0.9375,0.9166666865348816,,,,,
5,295,,,,,,0.84375,0.7917833924293518,0.3997197151184082,0.7882353067398071,0.841176450252533,,,,,
5,296,,,,,,0.875,0.7087718844413757,0.39897996187210083,0.719298243522644,0.7105262875556946,,,,,
5,297,,,,,,1.0,1.0,0.3205709457397461,1.0,1.0,,,,,
5,298,,,,,,0.875,0.8235450387001038,0.5386416912078857,0.828703761100769,0.8518519401550293,,,,,
5,299,,,,,,0.78125,0.663636326789856,0.7218543887138367,0.6893938779830933,0.6666667461395264,,,,,
5,300,,,,,,0.875,0.7117646932601929,0.3553124666213989,0.6960784196853638,0.7352941036224365,,,,,
5,301,,,,,,0.96875,0.9047619700431824,0.26661014556884766,0.8928571939468384,0.9285714626312256,,,,,
5,302,,,,,,0.875,0.7877193093299866,0.498391717672348,0.7982456684112549,0.8070175051689148,,,,,
5,303,,,,,,0.96875,0.8823529481887817,0.29009485244750977,0.8823529481887817,0.8823529481887817,,,,,
5,304,,,,,,0.875,0.7147484421730042,0.5185286402702332,0.7061403393745422,0.7293233275413513,,,,,
5,305,,,,,,0.9375,0.834586501121521,0.34007060527801514,0.8289474248886108,0.8421052694320679,,,,,
5,306,,,,,,0.96875,0.9199999570846558,0.3163001537322998,0.9111111164093018,0.9333333373069763,,,,,
5,307,,,,,,0.9375,0.8315789699554443,0.29966965317726135,0.8245614171028137,0.8421052694320679,,,,,
5,308,,,,,,0.90625,0.8158730268478394,0.45234212279319763,0.817460298538208,0.8333333134651184,,,,,
5,309,,,,,,0.84375,0.816541314125061,0.5233176350593567,0.8377193212509155,0.8552631139755249,,,,,
5,310,,,,,,0.96875,0.9666666984558105,0.3010266423225403,0.9791666865348816,0.96875,,,,,
5,311,,,,,,0.6666666865348816,0.5,0.5328119993209839,0.5,0.5,,,,,
5,311,,,,,,,,,,,0.9754902124404907,0.9441240429878235,0.21064786612987518,0.9395104050636292,0.9548891186714172
6,312,,,,,,0.90625,0.8315790295600891,0.40771371126174927,0.8684210777282715,0.8245614171028137,,,,,
6,313,,,,,,0.90625,0.8284313678741455,0.33224979043006897,0.8294117450714111,0.8529411554336548,,,,,
6,314,,,,,,0.9375,0.8428571224212646,0.46484214067459106,0.8374999761581421,0.8500000238418579,,,,,
6,315,,,,,,0.9375,0.8766916394233704,0.3839492201805115,0.8815789222717285,0.8771929740905762,,,,,
6,316,,,,,,0.9375,0.9479166865348816,0.35850974917411804,0.9821428656578064,0.9375,,,,,
6,317,,,,,,0.9375,0.8035714626312256,0.24085283279418945,0.796875,0.8125,,,,,
6,318,,,,,,0.96875,0.974937379360199,0.28348028659820557,0.9736841917037964,0.9868420958518982,,,,,
6,319,,,,,,0.90625,0.7037037014961243,0.4352588951587677,0.694444477558136,0.7222222685813904,,,,,
6,320,,,,,,0.96875,0.9607843160629272,0.2608293890953064,0.9705882668495178,0.970588207244873,,,,,
6,321,,,,,,0.875,0.7939394116401672,0.5029515027999878,0.7803030610084534,0.8181818723678589,,,,,
6,322,,,,,,0.96875,0.9523809552192688,0.29821935296058655,0.9642857909202576,0.9642857313156128,,,,,
6,323,,,,,,0.96875,0.8947368264198303,0.22467097640037537,0.8947368264198303,0.8947368264198303,,,,,
6,324,,,,,,0.96875,0.8947368860244751,0.20197415351867676,0.8947368860244751,0.8947368860244751,,,,,
6,325,,,,,,0.9375,0.9166667461395264,0.383073091506958,0.9074075222015381,0.9444445371627808,,,,,
6,326,,,,,,0.96875,0.8888890147209167,0.3137322962284088,0.8888890147209167,0.8888890147209167,,,,,
6,327,,,,,,0.90625,0.8208333253860474,0.3359150290489197,0.8229166865348816,0.84375,,,,,
6,328,,,,,,0.90625,0.8486215472221375,0.43082863092422485,0.8377192616462708,0.8771929740905762,,,,,
6,329,,,,,,0.90625,0.8895238041877747,0.38143306970596313,0.8833333253860474,0.9208332896232605,,,,,
6,330,,,,,,0.90625,0.8791005611419678,0.36360135674476624,0.8981481790542603,0.8935185670852661,,,,,
6,331,,,,,,0.9375,0.8733333945274353,0.25548580288887024,0.8750000596046448,0.8833333253860474,,,,,
6,332,,,,,,0.9375,0.8315789103507996,0.25494152307510376,0.824561357498169,0.8421052694320679,,,,,
6,333,,,,,,0.875,0.786666750907898,0.36619293689727783,0.7916667461395264,0.8000000715255737,,,,,
6,334,,,,,,1.0,1.0,0.14417822659015656,1.0,1.0,,,,,
6,335,,,,,,0.96875,0.925000011920929,0.24227185547351837,0.9166666865348816,0.9375,,,,,
6,336,,,,,,0.96875,0.9215686321258545,0.19402846693992615,0.9117646813392639,0.9411764740943909,,,,,
6,337,,,,,,0.96875,0.9238095879554749,0.2907736897468567,0.9166666865348816,0.9333333373069763,,,,,
6,338,,,,,,0.9375,0.9657894372940063,0.22153691947460175,0.969298243522644,0.969298243522644,,,,,
6,339,,,,,,0.9375,0.8518519401550293,0.3044224679470062,0.8611111640930176,0.8611111640930176,,,,,
6,340,,,,,,0.875,0.6959064602851868,0.29752248525619507,0.699999988079071,0.7105263471603394,,,,,
6,341,,,,,,0.9375,0.8935574293136597,0.29287001490592957,0.8970587849617004,0.9117646813392639,,,,,
6,342,,,,,,0.90625,0.8035087585449219,0.3843737244606018,0.8070175051689148,0.8157894611358643,,,,,
6,343,,,,,,0.96875,0.9583333730697632,0.3222057521343231,0.96875,0.96875,,,,,
6,344,,,,,,0.90625,0.9007054567337036,0.35206082463264465,0.9194445013999939,0.894444465637207,,,,,
6,345,,,,,,0.875,0.7263157963752747,0.4141586124897003,0.7105262875556946,0.7719298601150513,,,,,
6,346,,,,,,0.9375,0.8994709849357605,0.22848983108997345,0.8888888955116272,0.9305555820465088,,,,,
6,347,,,,,,0.875,0.7621212601661682,0.39800921082496643,0.7666667103767395,0.7750000953674316,,,,,
6,348,,,,,,0.90625,0.8066667318344116,0.4603087604045868,0.8083333373069763,0.824999988079071,,,,,
6,349,,,,,,0.96875,0.9719887971878052,0.21712948381900787,0.9852941036224365,0.9705882668495178,,,,,
6,350,,,,,,0.90625,0.7037037014961243,0.22167488932609558,0.694444477558136,0.7222222089767456,,,,,
6,351,,,,,,0.96875,0.929411768913269,0.28888216614723206,0.9215686321258545,0.9411764740943909,,,,,
6,352,,,,,,0.9375,0.903508722782135,0.29062893986701965,0.9122806787490845,0.9210525751113892,,,,,
6,353,,,,,,0.96875,0.9777778387069702,0.29661908745765686,0.9814815521240234,0.9814815521240234,,,,,
6,354,,,,,,0.96875,0.9111111164093018,0.297990620136261,0.9000000357627869,0.9333333373069763,,,,,
6,355,,,,,,0.875,0.8117647171020508,0.32958850264549255,0.8235294222831726,0.8333333134651184,,,,,
6,356,,,,,,0.96875,0.9111111164093018,0.24736668169498444,0.9333333373069763,0.9000000357627869,,,,,
6,357,,,,,,1.0,1.0,0.10424447059631348,1.0,1.0,,,,,
6,358,,,,,,0.90625,0.8117647171020508,0.3720881938934326,0.8039215803146362,0.8529412150382996,,,,,
6,359,,,,,,0.96875,0.9259259700775146,0.2100326269865036,0.9166666865348816,0.944444477558136,,,,,
6,360,,,,,,1.0,1.0,0.10933193564414978,1.0,1.0,,,,,
6,361,,,,,,0.90625,0.8202381134033203,0.2508852183818817,0.8385416865348816,0.8229166865348816,,,,,
6,362,,,,,,0.9375,0.8535714149475098,0.1932423710823059,0.8385416865348816,0.875,,,,,
6,363,,,,,,1.0,1.0,0.2468072772026062,1.0,1.0,,,,,
6,363,,,,,,,,,,,0.9901960492134094,0.9764193296432495,0.12824983894824982,0.9779571890830994,0.9779571890830994
7,364,,,,,,1.0,1.0000001192092896,0.14276805520057678,1.0000001192092896,1.0000001192092896,,,,,
7,365,,,,,,0.9375,0.8222222328186035,0.1929115355014801,0.8148148059844971,0.8333333134651184,,,,,
7,366,,,,,,0.9375,0.871345043182373,0.22952303290367126,0.8578947186470032,0.8947368264198303,,,,,
7,367,,,,,,0.90625,0.8986215591430664,0.2828732132911682,0.9087719917297363,0.9078947901725769,,,,,
7,368,,,,,,0.9375,0.9068782925605774,0.21109940111637115,0.9120370745658875,0.9166666865348816,,,,,
7,369,,,,,,0.96875,0.9166666865348816,0.1520577073097229,0.90625,0.9375,,,,,
7,370,,,,,,0.9375,0.8148148655891418,0.19914282858371735,0.8055556416511536,0.833333432674408,,,,,
7,371,,,,,,0.96875,0.9702380895614624,0.1839303970336914,0.96875,0.984375,,,,,
7,372,,,,,,0.96875,0.940000057220459,0.2741931080818176,0.9333333373069763,0.9500000476837158,,,,,
7,373,,,,,,0.90625,0.8615872859954834,0.3022913336753845,0.8666666746139526,0.8833334445953369,,,,,
7,374,,,,,,0.96875,0.888888955116272,0.22775553166866302,0.888888955116272,0.888888955116272,,,,,
7,375,,,,,,0.90625,0.832804262638092,0.2686866819858551,0.8148148059844971,0.875,,,,,
7,376,,,,,,1.0,1.0,0.1455346941947937,1.0,1.0,,,,,
7,377,,,,,,1.0,1.0,0.19249282777309418,1.0,1.0,,,,,
7,378,,,,,,1.0,1.0,0.12827610969543457,1.0,1.0,,,,,
7,379,,,,,,0.90625,0.7957672476768494,0.18129074573516846,0.8009259700775146,0.8055555820465088,,,,,
7,380,,,,,,0.90625,0.8804233074188232,0.3733731210231781,0.8750000596046448,0.9120371341705322,,,,,
7,381,,,,,,0.9375,0.8181818127632141,0.2406376153230667,0.813725471496582,0.8235294222831726,,,,,
7,382,,,,,,0.875,0.8354545831680298,0.4619746506214142,0.8500000238418579,0.8500000238418579,,,,,
7,383,,,,,,0.96875,0.9629630446434021,0.2941913306713104,0.9722222685813904,0.9722222685813904,,,,,
7,384,,,,,,0.875,0.791190505027771,0.2909785211086273,0.7916667461395264,0.8208333253860474,,,,,
7,385,,,,,,0.96875,0.9111111164093018,0.16654932498931885,0.9000000953674316,0.9333333969116211,,,,,
7,386,,,,,,0.96875,0.925000011920929,0.17663639783859253,0.9166666865348816,0.9375,,,,,
7,387,,,,,,0.96875,0.888888955116272,0.2484571635723114,0.888888955116272,0.888888955116272,,,,,
7,388,,,,,,0.9375,0.8117647171020508,0.1919560581445694,0.8039215803146362,0.8235294222831726,,,,,
7,389,,,,,,1.0,1.0000001192092896,0.13127386569976807,1.0000001192092896,1.0000001192092896,,,,,
7,390,,,,,,0.96875,0.9777777791023254,0.24202552437782288,0.9814814925193787,0.9814815521240234,,,,,
7,391,,,,,,0.96875,0.9166666865348816,0.20152921974658966,0.9375,0.90625,,,,,
7,392,,,,,,1.0,1.0,0.1671130657196045,1.0,1.0,,,,,
7,393,,,,,,0.96875,0.9333334565162659,0.17384281754493713,0.925000011920929,0.949999988079071,,,,,
7,394,,,,,,0.96875,0.9702381491661072,0.24957148730754852,0.984375,0.96875,,,,,
7,395,,,,,,0.875,0.838596522808075,0.444085955619812,0.8333333730697632,0.8684210777282715,,,,,
7,396,,,,,,0.9375,0.8421052694320679,0.30608975887298584,0.8421052694320679,0.8421052694320679,,,,,
7,397,,,,,,0.96875,0.9259259700775146,0.31469810009002686,0.9166666865348816,0.944444477558136,,,,,
7,398,,,,,,0.96875,0.9400001168251038,0.23918530344963074,0.9333334565162659,0.9500001072883606,,,,,
7,399,,,,,,0.96875,0.888888955116272,0.13337749242782593,0.888888955116272,0.888888955116272,,,,,
7,400,,,,,,0.96875,0.9166666865348816,0.2931722402572632,0.9375,0.90625,,,,,
7,401,,,,,,1.0,1.0,0.20395977795124054,1.0,1.0,,,,,
7,402,,,,,,1.0,1.0,0.09556319564580917,1.0,1.0,,,,,
7,403,,,,,,1.0,1.0,0.25408169627189636,1.0,1.0,,,,,
7,404,,,,,,0.96875,0.9333333373069763,0.22862190008163452,0.9259259104728699,0.944444477558136,,,,,
7,405,,,,,,0.96875,0.9259259700775146,0.28401094675064087,0.9166666865348816,0.944444477558136,,,,,
7,406,,,,,,0.96875,0.9298246502876282,0.1748729646205902,0.9210526943206787,0.9473685026168823,,,,,
7,407,,,,,,0.96875,0.925000011920929,0.1648203730583191,0.9166666865348816,0.9375,,,,,
7,408,,,,,,0.96875,0.9346405267715454,0.17851141095161438,0.929411768913269,0.9411764740943909,,,,,
7,409,,,,,,1.0,1.0,0.24311712384223938,1.0,1.0,,,,,
7,410,,,,,,0.9375,0.9354166388511658,0.22848090529441833,0.9479166865348816,0.9583333134651184,,,,,
7,411,,,,,,1.0,1.0,0.1623407006263733,1.0,1.0,,,,,
7,412,,,,,,1.0,1.0,0.17773334681987762,1.0,1.0,,,,,
7,413,,,,,,1.0,1.0,0.08490142226219177,1.0,1.0,,,,,
7,414,,,,,,0.96875,0.9298245310783386,0.2233014702796936,0.9210526347160339,0.9473684430122375,,,,,
7,415,,,,,,1.0,1.0,0.038929834961891174,1.0,1.0,,,,,
7,415,,,,,,,,,,,1.0,1.0,0.08189840614795685,1.0,1.0
8,416,,,,,,0.875,0.7729277014732361,0.3254975378513336,0.7805555462837219,0.7777777314186096,,,,,
8,417,,,,,,1.0,1.0000001192092896,0.13691318035125732,1.0000001192092896,1.0000001192092896,,,,,
8,418,,,,,,1.0,1.0,0.19492296874523163,1.0,1.0,,,,,
8,419,,,,,,0.96875,0.925000011920929,0.19677582383155823,0.9166666865348816,0.9375,,,,,
8,420,,,,,,0.96875,0.9607843160629272,0.18928641080856323,0.970588207244873,0.970588207244873,,,,,
8,421,,,,,,1.0,1.0,0.1458066701889038,1.0,1.0,,,,,
8,422,,,,,,1.0,1.0,0.13883911073207855,1.0,1.0,,,,,
8,423,,,,,,0.9375,0.859259307384491,0.23638860881328583,0.8425925970077515,0.888888955116272,,,,,
8,424,,,,,,1.0,1.0000001192092896,0.11191955953836441,1.0000001192092896,1.0000001192092896,,,,,
8,425,,,,,,1.0,1.0000001192092896,0.27526232600212097,1.0000001192092896,1.0000001192092896,,,,,
8,426,,,,,,0.9375,0.8696742057800293,0.22791318595409393,0.8815789818763733,0.8684210777282715,,,,,
8,427,,,,,,0.96875,0.9719887971878052,0.15203963220119476,0.970588207244873,0.9852941036224365,,,,,
8,428,,,,,,0.96875,0.9333333969116211,0.20887720584869385,0.9259259700775146,0.944444477558136,,,,,
8,429,,,,,,0.96875,0.920634925365448,0.15510904788970947,0.9285714030265808,0.9142857193946838,,,,,
8,430,,,,,,1.0,1.0,0.15760734677314758,1.0,1.0,,,,,
8,431,,,,,,0.875,0.7995238304138184,0.3614809215068817,0.7958333492279053,0.8250000476837158,,,,,
8,432,,,,,,0.96875,0.9215686321258545,0.17106367647647858,0.9117646813392639,0.9411764740943909,,,,,
8,433,,,,,,0.96875,0.9583333730697632,0.13988612592220306,0.96875,0.96875,,,,,
8,434,,,,,,1.0,1.0000001192092896,0.14187020063400269,1.0000001192092896,1.0000001192092896,,,,,
8,435,,,,,,0.9375,0.8916667103767395,0.19064420461654663,0.8854166865348816,0.9166666865348816,,,,,
8,436,,,,,,1.0,1.0,0.13825005292892456,1.0,1.0,,,,,
8,437,,,,,,1.0,1.0,0.14964742958545685,1.0,1.0,,,,,
8,438,,,,,,1.0,1.0,0.08028259128332138,1.0,1.0,,,,,
8,439,,,,,,0.9375,0.9578947424888611,0.2807510793209076,0.9649122953414917,0.9649122953414917,,,,,
8,440,,,,,,0.96875,0.9298245906829834,0.1988719254732132,0.9210526347160339,0.9473684430122375,,,,,
8,441,,,,,,0.9375,0.8571428656578064,0.21235503256320953,0.8571428656578064,0.8571428656578064,,,,,
8,442,,,,,,0.90625,0.7921568751335144,0.24071654677391052,0.8039215803146362,0.7941176891326904,,,,,
8,443,,,,,,0.96875,0.888888955116272,0.1463172435760498,0.888888955116272,0.888888955116272,,,,,
8,444,,,,,,0.96875,0.929411768913269,0.25028663873672485,0.9215686321258545,0.9411764740943909,,,,,
8,445,,,,,,1.0,1.0,0.09272538125514984,1.0,1.0,,,,,
8,446,,,,,,1.0,1.0,0.18485866487026215,1.0,1.0,,,,,
8,447,,,,,,1.0,1.0,0.08242170512676239,1.0,1.0,,,,,
8,448,,,,,,0.9375,0.8472222685813904,0.3718680739402771,0.862500011920929,0.84375,,,,,
8,449,,,,,,1.0,1.0,0.13271237909793854,1.0,1.0,,,,,
8,450,,,,,,1.0,1.0,0.16017501056194305,1.0,1.0,,,,,
8,451,,,,,,0.96875,0.9111111164093018,0.1485057771205902,0.8999999761581421,0.9333333373069763,,,,,
8,452,,,,,,0.9375,0.9439153671264648,0.21980136632919312,0.9675925970077515,0.944444477558136,,,,,
8,453,,,,,,1.0,1.0,0.13156087696552277,1.0,1.0,,,,,
8,454,,,,,,0.96875,0.9629629850387573,0.20524980127811432,0.9722222685813904,0.9722222685813904,,,,,
8,455,,,,,,0.96875,0.9629630446434021,0.2304229587316513,0.9722222685813904,0.9722223281860352,,,,,
8,456,,,,,,1.0,1.0,0.1357300579547882,1.0,1.0,,,,,
8,457,,,,,,1.0,1.0,0.1364380121231079,1.0,1.0,,,,,
8,458,,,,,,0.9375,0.8971428871154785,0.16384777426719666,0.894444465637207,0.9111111164093018,,,,,
8,459,,,,,,0.96875,0.8999999761581421,0.1912124752998352,0.8999999761581421,0.8999999761581421,,,,,
8,460,,,,,,0.96875,0.9298245906829834,0.14931842684745789,0.9210526347160339,0.9473684430122375,,,,,
8,461,,,,,,0.96875,0.9333333969116211,0.18874575197696686,0.9259260296821594,0.9444445371627808,,,,,
8,462,,,,,,0.9375,0.8901960849761963,0.2255144566297531,0.9117646813392639,0.8921568989753723,,,,,
8,463,,,,,,0.96875,0.9166666865348816,0.17237193882465363,0.9375,0.90625,,,,,
8,464,,,,,,0.96875,0.977777898311615,0.2416452020406723,0.9750000238418579,0.9900001287460327,,,,,
8,465,,,,,,0.96875,0.929411768913269,0.16412080824375153,0.9411764740943909,0.9215686321258545,,,,,
8,466,,,,,,0.9375,0.8509804010391235,0.22576993703842163,0.8529412150382996,0.8627451062202454,,,,,
8,467,,,,,,1.0,1.0,0.03820208087563515,1.0,1.0,,,,,
8,467,,,,,,,,,,,1.0,1.0,0.05309272184967995,1.0,1.0
9,468,,,,,,0.96875,0.9666666984558105,0.1345672309398651,0.9791666865348816,0.96875,,,,,
9,469,,,,,,0.96875,0.8823529481887817,0.13597705960273743,0.8823529481887817,0.8823529481887817,,,,,
9,470,,,,,,0.9375,0.8954248428344727,0.17337143421173096,0.929411768913269,0.8823529481887817,,,,,
9,471,,,,,,0.96875,0.982692301273346,0.1395268738269806,0.9910714626312256,0.9791666865348816,,,,,
9,472,,,,,,0.96875,0.9166666865348816,0.20572446286678314,0.90625,0.9375,,,,,
9,473,,,,,,0.90625,0.8703705072402954,0.23622293770313263,0.8888890743255615,0.8611112833023071,,,,,
9,474,,,,,,1.0,1.0,0.16335166990756989,1.0,1.0,,,,,
9,475,,,,,,0.96875,0.976608157157898,0.17031386494636536,0.9894736409187317,0.9736842513084412,,,,,
9,476,,,,,,0.9375,0.9012346267700195,0.1657414585351944,0.9055557250976562,0.9166668057441711,,,,,
9,477,,,,,,0.9375,0.8529411554336548,0.2714831829071045,0.8823529481887817,0.843137264251709,,,,,
9,478,,,,,,0.96875,0.9259259104728699,0.14271731674671173,0.9166666865348816,0.9444444179534912,,,,,
9,479,,,,,,1.0,1.0,0.14498469233512878,1.0,1.0,,,,,
9,480,,,,,,0.9375,0.8872180581092834,0.13878652453422546,0.8815789818763733,0.8947368264198303,,,,,
9,481,,,,,,1.0,1.0,0.13338696956634521,1.0,1.0,,,,,
9,482,,,,,,0.96875,0.9649122953414917,0.17142297327518463,0.9736842513084412,0.9736841917037964,,,,,
9,483,,,,,,0.9375,0.9047618508338928,0.1724124401807785,0.9078946709632874,0.9210525751113892,,,,,
9,484,,,,,,1.0,1.0,0.12196102738380432,1.0,1.0,,,,,
9,485,,,,,,1.0,1.0,0.1252952367067337,1.0,1.0,,,,,
9,486,,,,,,0.96875,0.888888955116272,0.12648749351501465,0.888888955116272,0.888888955116272,,,,,
9,487,,,,,,1.0,1.0,0.12266941368579865,1.0,1.0,,,,,
9,488,,,,,,0.96875,0.9703704118728638,0.1263854205608368,0.9722222685813904,0.9814814925193787,,,,,
9,489,,,,,,0.96875,0.9298245310783386,0.15395182371139526,0.9473684430122375,0.9210526347160339,,,,,
9,490,,,,,,0.96875,0.9607843160629272,0.1644885241985321,0.9705882668495178,0.970588207244873,,,,,
9,491,,,,,,1.0,1.0,0.1172613874077797,1.0,1.0,,,,,
9,492,,,,,,0.96875,0.9735450148582458,0.11926288902759552,0.9861111640930176,0.9722222685813904,,,,,
9,493,,,,,,0.9375,0.9087719917297363,0.28641289472579956,0.9035087823867798,0.9298245906829834,,,,,
9,494,,,,,,1.0,1.0,0.15415650606155396,1.0,1.0,,,,,
9,495,,,,,,0.9375,0.884057879447937,0.2298295497894287,0.8913042545318604,0.8913042545318604,,,,,
9,496,,,,,,0.96875,0.9851851463317871,0.18217362463474274,0.9866666793823242,0.9866666197776794,,,,,
9,497,,,,,,0.96875,0.9327731132507324,0.13954006135463715,0.9411764740943909,0.9264706373214722,,,,,
9,498,,,,,,0.96875,0.9644443988800049,0.15596599876880646,0.9777777791023254,0.9666666388511658,,,,,
9,499,,,,,,1.0,1.0,0.1702711433172226,1.0,1.0,,,,,
9,500,,,,,,0.90625,0.8055555820465088,0.2955998480319977,0.7962963581085205,0.8333333730697632,,,,,
9,501,,,,,,0.96875,0.9686274528503418,0.13047808408737183,0.9803921580314636,0.9705882668495178,,,,,
9,502,,,,,,0.96875,0.9333333969116211,0.13220281898975372,0.9444445371627808,0.9259259700775146,,,,,
9,503,,,,,,1.0,1.0,0.1477246731519699,1.0,1.0,,,,,
9,504,,,,,,1.0,1.0,0.15495184063911438,1.0,1.0,,,,,
9,505,,,,,,0.96875,0.8823529481887817,0.14179877936840057,0.8823529481887817,0.8823529481887817,,,,,
9,506,,,,,,0.96875,0.9259259700775146,0.1769777536392212,0.944444477558136,0.9166666865348816,,,,,
9,507,,,,,,0.96875,0.9333333373069763,0.20017504692077637,0.9259259700775146,0.944444477558136,,,,,
9,508,,,,,,1.0,1.0,0.11982571333646774,1.0,1.0,,,,,
9,509,,,,,,1.0,1.0,0.08286946266889572,1.0,1.0,,,,,
9,510,,,,,,1.0,1.0000001192092896,0.08280941098928452,1.0000001192092896,1.0000001192092896,,,,,
9,511,,,,,,0.9375,0.8222222328186035,0.18899871408939362,0.8148148059844971,0.8333333134651184,,,,,
9,512,,,,,,0.96875,0.9365079998970032,0.18760639429092407,0.9305556416511536,0.9444445371627808,,,,,
9,513,,,,,,0.96875,0.9666666984558105,0.22143752872943878,0.9750000238418579,0.9750000238418579,,,,,
9,514,,,,,,1.0,1.0,0.08695971965789795,1.0,1.0,,,,,
9,515,,,,,,1.0,1.0,0.12284871190786362,1.0,1.0,,,,,
9,516,,,,,,1.0,1.0000001192092896,0.09297044575214386,1.0000001192092896,1.0000001192092896,,,,,
9,517,,,,,,1.0,1.0000001192092896,0.17158904671669006,1.0000001192092896,1.0000001192092896,,,,,
9,518,,,,,,0.96875,0.9333333969116211,0.20004525780677795,0.9500000476837158,0.9250000715255737,,,,,
9,519,,,,,,0.6666666865348816,0.5,0.5047515034675598,0.5,0.5,,,,,
9,519,,,,,,,,,,,1.0,1.0,0.03750329464673996,1.0,1.0
10,520,1.0,1.0,0.03228611499071121,1.0,1.0,,,,,,,,,,
